"id","car_id","benennung","source"
"BG_0001","TR_A_0002","Scholastica historia","München, Bayerische Staatsbibliothek, Clm 3941, Bl. 13v"
"BG_0002","TR_A_0005","Codex citrinus textus modus Sallustii","Wien, Österreichische Nationalbibliothek, Cod. 3214, Bl. 1r"
"BG_0003","TR_A_0007","Jacobus de Voragine De laudibus beatae virginis","München, Bayerische Staatsbibliothek, Clm 17848, Bl. 117r"
"BG_0004","TR_A_0009","Elegantiae Vallae","Wolfenbüttel, Herzog August Bibliothek, Cod. Guelf. 69.11 Aug. 2°, Bl. 254r"
"BG_0005","TR_A_0011","Lactantius citrinus","München, Bayerische Staatsbibliothek, Clm 3941, Bl. 63v"
"BG_0006","TR_A_0012","Boccaccio De casibus virorum illustrium","Augsburg, Staats- und Stadtbibliothek, 2° Cod. 217, Bl. 175v [alt 255v]"
"BG_0007","TR_A_0014","Codex albus arcus modus Simboli apostolorum","Gotha, Forschungsbibliothek, Chart. B 61, Bl. 376v"
"BG_0008","TR_A_0015","Exameron Ambrosii codex fuscus","München, Bayerische Staatsbibliothek, Clm 3941, Bl. 20vb"
"BG_0009","TR_A_0015","Haimon Super apocalypsim","München, Bayerische Staatsbibliothek, Clm 17830, Bl. 108r"
"BG_0010","TR_A_0017","Codex citrinus textus modus","München, Bayerische Staatsbibliothek, Clm 17833, Bl. 251"
"BG_0011","TR_A_0017","Chronica Eutropii","München, Bayerische Staatsbibliothek, Clm 17833, Bl. 259va"
"BG_0012","TR_A_0019","Codex russus textus modus operum Horatii","München, Bayerische Staatsbibliothek, Clm 17833, Bl. 205ar"
"BG_0013","TR_A_0021","Ysopus vulgaris depictus","München, Bayerische Staatsbibliothek, Clm 3941, Bl. 18v"
"BG_0014","TR_A_0022","Liber albus spissus confessionalis textus modus","München, Bayerische Staatsbibliothek, Clm 3941, Bl. 14r"
"BG_0015","TR_A_0023","Codex fuscus historiae Dymne et Kelile","München, Bayerische Staatsbibliothek, Clm 3941, Bl. 79v"
"BG_0016","TR_A_0023","Codex citrinus antiquarum parabolarum Dymne","München, Bayerische Staatsbibliothek, Clm 3941, Bl. 103v"
"BG_0017","TR_A_0024","Aurea biblia","München, Bayerische Staatsbibliothek, Clm 3941, Bl. 197r"
"BG_0018","TR_A_0027","Hugo de Prato","München, Bayerische Staatsbibliothek, Clm 27419, Bl. 11v"
"BG_0019","TR_A_0029","Egidius De regimine principum","Gotha, Forschungsbibliothek, Chart. B 61, Bl. 255v"
"BG_0020","TR_A_0030","Albus codex spissus arcus modus in Didascalicon et aliis operibus","München, Bayerische Staatsbibliothek, Clm 3559, Bl. 2r"
"BG_0021","TR_A_0030","Niger Codex … ubi Didascalicon et Breviloquium est Hugonis [!]","München, Bayerische Staatsbibliothek, Clm 17837, Bl. 2r"
"BG_0022","TR_A_0031","Speculum virginum","München, Bayerische Staatsbibliothek, Clm 27419, Bl. 40r"
"BG_0023","TR_A_0032","Albus codex de commenda artium","Heidelberg, Universitätsbibliothek, Cod. Pal. germ. 314, Bl. 79r"
"BG_0024","TR_A_0034","Liber russus Guidonis de Monte Roterij","Basel, Universitätsbibliothek, O I 10, Bl. 274v"
"BG_0025","TR_A_0035","Gerson in suo codice","München, Bayerische Staatsbibliothek, Clm 17830, Bl. 402v"
"BG_0026","TR_A_0035","Gerson in suis operibus citrino codice","München, Bayerische Staatsbibliothek, Clm 27419, Bl. 66r"
"BG_0027","TR_D_0001","Gregorius Moralium codex pressus","München, Bayerische Staatsbibliothek, Clm 17830, Bl. 356r"
"BG_0028","TR_D_0002","Reductorium morale","München, Bayerische Staatsbibliothek, Clm 27419, Bl. 256v"
"BG_0029","TR_D_0002","Codex niger pressus modus regalis","München, Bayerische Staatsbibliothek, Clm 27419, Bl. 256v"
"BG_0030","TR_D_0003","Jacobus de Voragine [codex] pressus","München, Bayerische Staatsbibliothek, Clm 3559, Bl. 101v"
"BG_0031","TR_D_0004","Martinus codex fuscus pressus","München, Bayerische Staatsbibliothek, Clm 17831, Bl. 136va"
"BG_0032","TR_D_0005","Quadragesimalis Leonardi de Utino presso","München, Bayerische Staatsbibliothek, 27419, Bl. 8r"
"BG_0033","TR_D_0006","Institutio oratoria codex pressus","München, Bayerische Staatsbibliothek, Clm 3941, Bl. 49r"
"BG_0034","TR_D_0007","Leonardus de Utino De sanctis codex albus spissus pressus","München, Bayerische Staatsbibliothek, Clm 17831, Bl. 136va"
"BG_0035","TR_K_0001","Plutarcus De vita Periclis","München, Bayerische Staatsbibliothek, Clm 3941, Bl. 13rb"
"BG_0036","TR_K_0002","Vita Suetonii","München, Bayerische Staatsbibliothek, Clm 3941, Bl. 13v"
"BG_0037","TR_K_0003","Vergilius","München, Bayerische Staatsbibliothek, Clm 3941, Bl. 52r"
"BG_0038","TR_K_0004","Jheronimus Commentarius super illud evangelii","Basel, Universitätsbibliothek, O I 10, Bl. 178r"
"BG_0039","TR_K_0005","Vincentius Speculum historiale","Wolfenbüttel, Herzog August Bibliothek, Cod. Guelf. 36.19 Aug. 2°, Bl. 188v"
"BG_0040","TR_K_0006","Alanus in proverbiis","München, Bayerische Staatsbibliothek, Clm 17837, Bl. 229v"
"BG_0041","TR_K_0007","Aristoteles Rhetorica","München, Bayerische Staatsbibliothek, Clm 3941, Bl. 44v"
"BG_0042","TR_K_0008","Servius super Vergilium","München, Bayerische Staatsbibliothek, Clm 3941, Bl. 52r"
"BG_0043","TR_K_0009","Dialogus Jheronimi","München, Bayerische Staatsbibliothek, Clm 3561, Bl. 295rb"
"BG_0044","TR_K_0010","Isidorus De summo bono","München, Bayerische Staatsbibliothek, Clm 3941, Bl. 140r"
"BG_0045","TR_K_0011","Macrobius Theodosius Saturnalia","München, Bayerische Staatsbibliothek, Clm 3941, Bl. 133v"
"BG_0046","TR_K_0012","Valerius Maximus De contemptu religionis","Basel, Universitätsbibliothek, O I 10, Bl. 31v"
"BG_0047","TR_K_0013","Prunellus et asinus Luciani","München, Bayerische Staatsbibliothek, Clm 17831, Bl. 220va"
"BG_0048","TR_K_0014","Progolus Galeatus Jheronimi","München, Bayerische Staatsbibliothek, Clm 3941, Bl. 40r"
"BG_0049","TR_K_0015","Ysidorus Ethimologiarum","München, Bayerische Staatsbibliothek, Clm 3941, Bl. 29v"
"BG_0050","TR_K_0016","Petrus Berthorius Liber de naturis rerum","Wolfenbüttel, Herzog-August-Bibliothek, Cod. Guelf. 36.19 Aug. 2°, Bl. 188v"
"BG_0051","TR_K_0017","Horatius liber sermonum","München, Bayerische Staatsbibliothek, Clm 3569, Bl. 21r"
"BG_0052","TR_K_0018","Oratio Tullii in Verrem","Wien, Österreichische Nationalbibliothek, Cod. 312, Bl. 8rb"
"BG_0053","TR_K_0019","Policratus","München, Bayerische Staatsbibliothek, Clm 3941, Bl. 40r"
"BG_0054","TR_K_0020","Prudentius","München, Bayerische Staatsbibliothek, Clm 17830, Bl. 108r"
"BG_0055","TR_K_0021","Tullius De officiis","München, Bayerische Staatsbibliothek, Clm 17831, Bl. 17vb"
"BG_0056","TR_K_0022","Persius Satyra","München, Bayerische Staatsbibliothek, Clm 3941, Bl. 13v"
"BG_0057","TR_K_0023","Vitas patrum","Wolfenbüttel, HAB, Cod. Guelf. 69.11 Aug. 2°, Bl. 297vb"
"BG_0058","TR_K_0024","Biblia","München, Bayerische Staatsbibliothek, Clm 17834, Bl. 6va"
"BG_0059","TR_K_0025","Epistola Senece","München, Bayerische Staatsbibliothek, Clm 3941, Bl. 177r"
"BG_0060","TR_K_0026","Imago mundi","Budapest, Országos Széchényi Könyvtár [Széchényi-Nationalbibliothek], Codex latinus medii aevi 276, Bl.187v"
"BG_0061","TR_K_0027","Tibullius","München, Bayerische Staatsbibliothek, Clm 3941, Bl. 13ra"
"BG_0062","TR_X_0001","Tabula theologiae","München, Bayerische Staatsbibliothek, Clm 3559, Bl. 214v"
"BG_0063","TR_X_0002","Codex russus Themata Guarini","München, Bayerische Staatsbibliothek, Clm 17833, Bl. 143v"
"BG_0064","TR_X_0003","Citrinus libellus parvus Apostolorum Galeothi","Wien, Österreichische Nationalbibliothek, Cod. 3214, Bl. 1r"
"BG_0065","TR_X_0004","Speculum morale Vincentii","München, Bayerische Staatsbibliothek, Clm 27419, Bl. 69v"
"BG_0066","TR_X_0005","Liber horarum albus","Budapest, Országos Széchényi Könyvtár [Széchényi-Nationalbibliothek], Codex latinus medii aevi 276, Bl. 126r"
"BG_0067","TR_X_0005","Liber horarum canonicalium russus arcus modus","München, Bayerische Staatsbibliothek, Clm 3559, Bl. 222v"
"BG_0068","TR_X_0006","Epistolae Tullii","Wolfenbüttel, Herzog August Bibliothek, Cod. Guelf. 69.11 Aug. 2°, Bl. 224va"
"BG_0069","TR_X_0007","Katholicon","Wolfenbüttel, Herzog August Bibliothek, Cod. Guelf. 69.11 Aug. 2°, Bl. 189vb"
"BG_0070","TR_X_0008","Augustini De civitate dei","Wien, Österreichische Nationalbibliothek, Cod. 3214, Bl. 28v"
"BG_0071","TR_X_0009","Codex citrinus litium Grecie","München, Bayerische Staatsbibliothek, Clm 3941, Bl. 261"
"BG_0072","TR_X_0011","Laborintus","München, Bayerische Staatsbibliothek, Clm 3941, Bl. 176r"
"BG_0073","TR_X_0012","[Gersonis] Monotesseron","München, Bayerische Staatsbibliothek, Clm 17837, Bl. 2r"
"BG_0074","TR_X_0013","Jacobus de Voragine in sermone","München, Bayerische Staatsbibliothek, Clm 3559, Bl. 213v"
"BG_0075","TR_X_0014","Cronographia Augustensium","Wien, Österreichische Nationalbibliothek, Cod. 3214, Bl. 203r [alt 224r]"
"BG_0076","TR_X_0015","Boecius De consolatu","München, Bayerische Staatsbibliothek, Clm 27419, Bl. 303r (alt 306r"
"BG_0077","TR_X_0016","Albus codex arcus modus de regimine sanitatis","Wien, Österreichische Nationalbibliothek, Cod. 3214, Bl. 241r [alt 265r]"
"BG_0078","TR_X_0017","Codex fuscus textus modus tractatuum rhetoricalium et amoris","München, Bayerische Staatsbibliothek, Clm 3941, Bl. 103v"
"BG_0079","TR_X_0018","Flavus codex arcus modus Appologorum Cyrilli","Wien, Österreichische Nationalbibliothek, Cod. 3214, Bl. 99r [alt 114r]"
"BG_0080","TR_X_0018","Flavus codex tenuis Cyrilli","Heidelberg, Universitätsbibliothek, Cod. Pal. germ. 314, Bl. 100v"
"BG_0081","TR_X_0019","Codex flavus Physicorum","München, Bayerische Staatsbibliothek, Clm 3564, Bl. 264v"
"BG_0082","TR_X_0020","Libellus albus textus modus de abbreviaturis et intitulationibus iuris","Wolfenbüttel, Herzog August Bibliothek, Cod. Guelf. 69.11 Aug. 2°, Bl. 154r"
"BG_0083","TR_X_0021","Novae Plauti Comediae","München, Bayerische Staatsbibliothek, Clm 3941, Bl. 40v"
"BG_0084","TR_X_0021","Niger codex Plauti arcus modus","Wien, Österreichische Nationalbibliothek, Cod. 3214, Bl. 145r [alt 163r]"
"BG_0085","TR_X_0021","Codex russus","München, Bayerische Staatsbibliothek, Clm 17837, Bl. 229v"
"BG_0086","TR_X_0022","Aristotelis Politica","München, Bayerische Staatsbibliothek, Clm 3941, Bl. 13rb"
"BG_0087","TR_X_0023","Eneas Senensis in suo Tractatu rhetoricali","München, Bayerische Staatsbibliothek, Clm 3941, Bl. 103v"
"BG_0088","TR_X_0024","[Petrarca] Liber epistolarum","Basel, Universitätsbibliothek, O I 10, 221v"
"BG_0089","TR_X_0025","Thesauri fodiendi codex russus textus modus","München, Bayerische Staatsbibliothek, Clm 3564, Bl. 138va"
"BG_0090","TR_X_0026","Codex citrinus Fulgentii","München, Bayerische Staatsbibliothek, Clm 3941, Bl. 149v"
"BG_0091","TR_X_0027","Hugitio (recte Hugutio)","München, Bayerische Staatsbibliothek, Clm 3941, Bl. 170r"
"BG_0092","TR_X_0028","Citrinus codex operum Jheronimi et Senece","München, Bayerische Staatsbibliothek, Clm 3941, Bl. 40v"
"BG_0093","TR_X_0029","Ysota","München, Bayerische Staatsbibliothek, Clm 3941, Bl. 63r"
"BG_0094","TR_X_0030","Humbertus super regulam Augustini","München, Bayerische Staatsbibliothek, Clm 17836, Bl. 65vb"
"BG_0095","TR_X_0031","Speculum humane vite Rhodorici in codice Naturalium questionum Senece","München, Bayerische Staatsbibliothek, Clm 3941, Bl. 40r"
"BG_0096","TR_X_0031","Speculum humane vite […] codex fuscus","München, Bayerische Staatsbibliothek, Clm 3941, Bl. 40v"
"BG_0097","TR_X_0032","Augustinus Manuale liber flavius (sic!) parvus","München, Bayerische Staatsbibliothek, Clm 3560, Vorsatzbl. r"
"BG_0098","TR_X_0033","Sermones Jordani de sanctis","München, Bayerische Staatsbibliothek, Clm 3560, Bl. 225r"
"BG_0099","TR_X_0034","Gesta Romanorum","München, Bayerische Staatsbibliothek, Clm 3941, Bl. 13r"
"BG_0100","TR_X_0035","Libellus fuscus textus modus Novae rhetoricae Tullii","München, Bayerische Staatsbibliothek, Clm 3941, Bl. 42v"
"BG_0101","TR_X_0036","Distinctiones theologicales Alani","München, Bayerische Staatsbibliothek, Clm 17848, Bl. 44r"
"BG_0102","TR_X_0037","Liber albus modus quartalis (?) arci Vitae sanctae Brigittae","Heidelberg, UB, Cpg 314, Bl. 200*v"
"BG_0103","TR_X_0038","Tractatus plurimi Augustini codex russus huius quantitatis [= arcus modus]","München, Bayerische Staatsbibliothek, Clm 17837, Bl. 2r"
"BG_0104","TR_X_0039","Ovidius Metamorphoses","München, Bayerische Staatsbibliothek, Clm 17835, Bl. 13r"
"BG_0105","TR_X_0040","Codex niger textus modus Encheridion Augustini","München, Bayerische Staatsbibliothek, Clm 3561, Bl. 175r"
"BG_0106","TR_X_0041","Liber tractatuum theologicalium albus spissus","München, Bayerische Staatsbibliothek, Clm 3560, Bl. 88rb"
"BG_0107","TR_X_0042","Liber propleumatum Aristotelis et Boecii Disciplina","München, Bayerische Staatsbibliothek, Clm 3560, Bl. 25rb"
"BG_0108","TR_X_0043","Priapeia","Wien, Österreichische Nationalbibliothek, Cod. 3214, Bl. 93v [alt 108v]"
"BG_0109","TR_X_0044","Codex fuscus arcus modus ubi Francesco De vita solitaria","München, Bayerische Staatsbibliothek, Clm 27419, Bl. 257r"
"BG_0110","TR_X_0046","Otto Frisingensis episcopus Cronica","Wolfenbüttel, Herzog-August-Bibliothek, Cod. Guelf. 36.19 Aug. 2°, Bl. 188v"
"BG_0111","TR_X_0047","Albus liber De apparenciis contrariis","München, Bayerische Staatsbibliothek, Clm 3560, Bl. 91r"
"BG_0112","TR_X_0048","Liber citrinus Epistolae Blesensis","Gotha, Forschungsbibliothek, Chart. B 61, Bl. 255v"
"BG_0113","TR_X_0049","Liber epistolarum Horatii post eius poetriam in parvo albo codice","Gotha, Forschungsbibliothek, Chart. B 61, Bl. 10v"
"BG_0114","TR_X_0050","Liber viridis astronomicalis vulgaris","München, Bayerische Staatsbibliothek, Clm 3941, Bl. 114v"
"BG_0115","TR_X_0050","Codex viridis Troianae historiae","München, Bayerische Staatsbibliothek, Clm 3941, Bl. 54v"
"BG_0116","TR_X_0051","Tabula decretalium codex fuscus","München, Bayerische Staatsbibliothek, Clm 17835, Bl. 168v"
"BG_0117","TR_X_0051","Tabula decretalium et aliae tabulae codex fuscus","München, Bayerische Staatsbibliothek, Clm 3564, Bl. 14ra"
"BG_0118","TR_X_0052","Liber citrinus epistolarum poeticalium","München, Bayerische Staatsbibliothek, Clm 3941, Bl. 29v"
"BG_0119","TR_X_0052","Codex arcus modus citrinus epistolarum","Wien, Österreichische Nationalbibliothek, Cod. 3214, Bl. 1r"
"BG_0120","TR_X_0053","Codex fuscus fibulatus Moralium Gregorii et Questionum Senece","München, Bayerische Staatsbibliothek, Clm 17835, Bl. 135v"
"BG_0121","TR_X_0054","Codex niger textus modus Controversiae de nobilitate Scipionis et Gaii Flaminei","Wolfenbüttel, HAB, Cod. Guelf. 69.11 Aug. 2°, Bl. 130rb"
"BG_0122","TR_X_0055","Discipulus De sanctis","München, Bayerische Staatsbibliothek, Clm 17835, Bl. 139r"
"BG_0123","TR_X_0056","Sedulius","München, Bayerische Staatsbibliothek, Clm 17833, Bl. 17v"
"BG_0124","TR_X_0057","Tractatus de Turco","München, Bayerische Staatsbibliothek, Clm 17834, Bl. 13va"
"BG_0125","TR_X_0058","Codex russus sine asseribus textus modus","Wolfenbüttel, Herzog August Bibliothek, Cod. Guelf. 69.11 Aug. 2°, Bl. 288r"
"BG_0126","TR_X_0059","Codex textus modus de metris","Wolfenbüttel, HAB, Cod. Guelf. 69.11 Aug. 2°, Bl. 253rb"
"BG_0127","TR_X_0060","Pharetra contra iudeos libellus parvus russus","München, Bayerische Staatsbibliothek, Clm 17833, Bl. 379rb"
"BG_0128","TR_X_0061","Jordanus Sermones pars aestivalis","München, Bayerische Staatsbibliothek, Clm 3561, Bl. 37r"
"BG_0129","TR_X_0062","Anticlaudianus Alani de Antiruffino","München, Bayerische Staatsbibliothek, Clm 3941, Bl. 91v"
"BG_0130","TR_X_0063","Ethicus philosophus in sua Cosmographia","München, Bayerische Staatsbibliothek, Clm 3941, Bl. 13v"
"BG_0131","TR_X_0064","Spissus libellus huius quantitatis [= textus modus] scale claustralium","München, Bayerische Staatsbibliothek, Clm 27419, Bl. 15r [alt 12r]"
"BG_0132","TR_X_0065","Symon de Cassia Super totum corpus evangelii","München, Bayerische Staatsbibliothek, Clm 3941, Bl. 43v"
"BG_0133","TR_X_0066","Josephus Antiquitates","Budapest, Országos Széchényi Könyvtár [Széchényi-Nationalbibliothek], Codex latinus medii aevi 276, Bl. 248r"
"BG_0134","TR_X_0067","[Codex] russus Alexandri","München, Bayerische Staatsbibliothek, Clm 3941, Bl. 174v"
"BG_0135","TR_X_0067","Historia Alexandri","Wolfenbüttel, Herzog August Bibliothek, Cod. Guelf. 69.11 Aug. 2°, Bl. 297vb"
"BG_0136","TR_X_0068","Liber de missa liber albus spissus textus modus in asseribus","München, Bayerische Staatsbibliothek, Clm 3560, Bl. 12r"
"BG_0137","TR_X_0069","Occultus","Augsburg, Staats- und Stadtbibliothek, 2° Cod. 217, Bl. 175v"
"BG_0138","TR_X_0070","Summa Reimundi metrica","München, Bayerische Staatsbibliothek, Clm 27419, Bl. 7ar"
"BG_0139","TR_X_0070","Albus codex huius quantitatis [= textus modus] in asseribus Summe Reimundi","München, Bayerische Staatsbibliothek, Clm 27419, Bl. 2v"
"BG_0140","TR_X_0071","Tractatus quod bene omnia fecit codex tenuis sine asseribus","München, Bayerische Staatsbibliothek, Clm 17837, Bl. 45rb"
"BG_0141","TR_X_0071","Albus codex ubi Tractatus de bene","München, Bayerische Staatsbibliothek, Clm 27419, Bl. 6r"
"BG_0142","TR_X_0072","Doligamus","Wolfenbüttel, Herzog August Bibliothek, Cod. Guelf. 69.11 Aug. 2°, Bl. 103r"
"BG_0143","TR_X_0073","Liber Horologii sapientiae","München, Bayerische Staatsbibliothek, Clm 3941, Bl. 14ar"
"BG_0144","TR_X_0073","Liber russus Ligni vitae Horilogii sapientiae et theologicae veritatis","München, Bayerische Staatsbibliothek, Clm 3941, Bl. 55v"
"BG_0145","TR_X_0074","Senensis Elegantiae","München, Bayerische Staatsbibliothek, Clm 3941, Bl. 279v"
"BG_0146","TR_X_0075","Gregorius in Omelia","München, Bayerische Staatsbibliothek, Clm 17831, Bl. 292va"
"BG_0147","TR_X_0076","Interrogatorium confessionale Bartholomaei de Chaimis codex textus modus albus","München, Bayerische Staatsbibliothek, Clm 27419, Bl. 2v"
"BG_0148","TR_X_0077","Codex russus Physiologi","München, Bayerische Staatsbibliothek, Clm 3941, Bl. 14bv"
"BG_0149","TR_X_0077","Codex russus huius quantitatis [= arcus modus]","München, Bayerische Staatsbibliothek, Clm 17835, Bl. 42r [alt 29r]"
"BG_0150","TR_X_0078","Ludus scachorum liber flavius (sic!)","München, Bayerische Staatsbibliothek, Clm 27419, Bl. 314r"
"BG_0151","TR_X_0079","Jordanus Sermones pars hiemalis","München, Bayerische Staatsbibliothek, Clm 27419, Bl. 16r"
"BG_0152","TR_X_0080","Absolutio presbyterorum codex russus huius quantitatis [= arcus modus]","München, Bayerische Staatsbibliothek, Clm 3560, Bl. 3rb"
"BG_0153","TR_X_0081","Gerson in lectione","München, Bayerische Staatsbibliothek, Clm 3561, Bl. 110v"
"BG_0154","TR_X_0082","Arismetrica liber tenuis cum coopertorio pergameni","München, Bayerische Staatsbibliothek, Clm 27419, Bl. 319r"
"BG_0155","TR_X_0083","Codex albus Scrutinii scripturarum","Augsburg, Staats- und Stadtbibliothek, 2° Cod. 217, Bl. 243r [alt 330r]"
"BG_0156","TR_X_0084","Ars de summa vitiorum libellus pergameneus","München, Bayerische Staatsbibliothek, Clm 27419, Bl. 30v"
"BG_0157","TR_X_0085","Codex Ovidi De amore","Wien, Österreichische Nationalbibliothek, Cod. 3214, Bl. 1r [alt 13r]"
"BG_0158","TR_X_0086","Alanus De planctu naturae","Basel, Universitätsbibliothek, O I 10, Bl. 4r"
"BG_0159","TR_X_0087","Oculus mundi","Budapest, Széchényi-Nationalbibliothek, Codex latinus medii aevi 276, Bl. 189rb"
"BG_0160","TR_X_0088","Fasciculus temporum","München, Bayerische Staatsbibliothek, Clm 17833, Bl. 252r"
"BG_0161","TR_X_0089","Fuscus codex Ovidi De remedio amoris","Wien, Österreichische Nationalbibliothek, Cod. 3214, Bl. Ir"
"BG_0162","TR_X_0090","Franciscus Petrarca De illustribus viris","München, Bayerische Staatsbibliothek, Clm 3941, Bl. 197r"
"BG_0163","TR_X_0091","Fortunatus in metris","München, Bayerische Staatsbibliothek, Clm 3941, Bl. 75v"
"BG_0164","TR_X_0092","Spissus parvus libellus de Regula sancti Benedicti","München, Bayerische Staatsbibliothek, Clm 17835, Bl. 13r"
"BG_0165","TR_X_0093","Codex albus Cronica Martini","München, Bayerische Staatsbibliothek, Clm 17833, Bl. 144v"
"BG_0166","TR_X_0094","Opera Lulli codex russus","München, Bayerische Staatsbibliothek, Clm 3564, Bl. 320r"
"BG_0167","TR_X_0095","Codex patris","Wien, Österreichische Nationalbibliothek, Cod. 3214, Bl. 145r [alt 163r]"
"BG_0168","TR_X_0096","Lombardica historia codex albus non fibulatus textus modus","München, Bayerische Staatsbibliothek, Clm 17835, Bl. 19v"
"BG_0169","TR_X_0097","Sophologium","München, Bayerische Staatsbibliothek, Clm 3941, Bl. 30r"
"BG_0170","TR_X_0098","De discretione spirituum codex citrinus non fibulatus textus modus","München, Bayerische Staatsbibliothek, Clm 17837, Bl. 153rb"
"BG_0171","TR_X_0099","Codex albus Epistolarum Senensis","Wolfenbüttel, Herzog August Bibliothek, Cod. Guelf. 69.11 Aug. 2°, Bl. 256r"
"BG_0172","TR_X_0100","Prosper","München, Bayerische Staatsbibliothek, Clm 27419, Bl. 11bv"
"BG_0173","TR_X_0101","Vitae philosophorum niger libellus textus modus","München, Bayerische Staatsbibliothek, Clm 3560, Bl. 225r"
"BG_0174","TR_X_0102","Quadragesimale Pisani codex fuscus arcus modus","München, Bayerische Staatsbibliothek, Clm 27419, Bl. 234r"
"BG_0175","TR_X_0102","Quadragesimale codex fuscus non fibulatus","München, Bayerische Staatsbibliothek, Clm 3560, Bl. 12r"
"BG_0176","TR_X_0103","Codex viridis fibulatus Aratoris Alcimi et Fortunati","München, Bayerische Staatsbibliothek, Clm 3941, Bl. 43v"
"BG_0177","TR_X_0104","Codex fuscus fibulatus Griseldis","München, Bayerische Staatsbibliothek, Clm 27419, Bl. 66r"
"BG_0178","TR_X_0104","Codex russus textus modus","München, Bayerische Staatsbibliothek, Clm 17831, Bl. 130va"
"BG_0179","TR_X_0105","Liber russus spissus epistolarum arcus modus","München, Bayerische Staatsbibliothek, Clm 3941, Bl. 40v"
"BG_0180","TR_X_0105","Codex russus spissus tractatum poeticalium","Basel, Universitätsbibliothek, Cod. O I 10, Bl. 347r"
"BG_0181","TR_X_0106","Quadragesimale Ruperti de Licio","München, BSB, Clm 3560, Bl. 60va"
"BG_0182","TR_X_0107","Codex spissus niger Ysengarii","Gotha, Forschungsbibliothek, Chart. B 61, Bl. 255v"
"BG_0183","TR_X_0108","Jheronimus De Hebreicis questionibus","Basel, Universitätsbibliothek, O I 10, Bl. 47r"
"BG_0184","TR_X_0109","Lumen anime","München, Bayerische Staatsbibliothek, Clm 3941, Bl. 13r"
"BG_0185","TR_X_0110","Liber graecismi","München, Bayerische Staatsbibliothek, Clm 3941, Bl. 90v"
"BG_0186","TR_X_0111","Rota veneris","Wolfenbüttel, Herzog August Bibliothek, Cod. Guelf. 69.11 Aug. 2°, Bl. 200rb"
"BG_0187","TR_X_0112","Boccaccius Preclararum mulierum","Wolfenbüttel, Herzog-August-Bibliothek, Cod. Guelf. 36.19 Aug. 2°, Bl. 188v"
"BG_0188","TR_X_0113","Wylhelmus Duranti Rationale","Budapest, Országos Széchényi Könyvtár [Széchényi-Nationalbibliothek], Codex latinus medii aevi 276, Bl.135r"
"BG_0189","TR_X_0113","Rationale divinorum","München, Bayerische Staatsbibliothek, Clm 17831, Bl. 99ra"
"BG_0190","TR_X_0114","Liber niger Facieciarum Poggii","München, Bayerische Staatsbibliothek, Clm 3941, Bl. 30r"
"BG_0191","TR_X_0115","De probrietatibus rerum","München, Bayerische Staatsbibliothek, Clm 3941, Bl. 40v"
"BG_0192","TR_Y_0001","Historie scholastice tabula cum Johannitis viridis insule Argentine","München, Bayerische Staatsbibliothek, Clm 17834, Vorsatzbl. IIr"
"BG_0193","TR_Y_0002","Codex niger Communiloquii domini Eucharii","München, Bayerische Staatsbibliothek, Clm 17833, Bl. 17vb"
"BG_0194","TR_Y_0003","Dominus Valentinus habet in parvo volumine","München, Bayerische Staatsbibliothek, Clm 3941, Bl. 115r"
"BG_0195","TR_Y_0004","Codex russus pergameneus textus modus cum Evangelio Mathei","München, Bayerische Staatsbibliothek, Clm 17833, Bl. 152rb"
"BG_0196","TR_Y_0005","Lucas de Padua Sermones in libraria Johannitarum Argentine","München, Bayerische Staatsbibliothek, Clm 3941, Bl. 74r"
"BG_0197","TR_Y_0006","Domini Valentini asseribus [codex] russus","München, Bayerische Staatsbibliothek, Clm 3941, Bl. 92r"
"BG_0198","TR_Y_0007","Reinhardus cum weschelyer et Ywain in uno volumine","Heidelberg, UB, Cpg 314, Bl. 200*v"
"BG_0199","TR_Y_0008","Liber coopertorio albo","München, Bayerische Staatsbibliothek, Clm 3941, Bl. 200v"
"BG_0200","TR_Y_0009","Tractatus habentur per lectorem Slesitam Carmelitarum in viridi volumine","München, Bayerische Staatsbibliothek, Clm 3564, Bl. 399v"
"BG_0201","TR_Y_0010","Tractatus de arte bene moriendi doctoris Jacobi Karthusiensis de Ertfordia quo dominus Eucharius habundat","München, Bayerische Staatsbibliothek, Clm 3564, Bl. 165ra"
"BG_0202","TR_Y_0011","Cum doctori Syfrido librum suum de tractatibus pluribus","München, Bayerische Staatsbibliothek, Clm 3560, Vorsatzbl. r"
"BG_0203","TR_Y_0012","Venantii Fortunati liber primus albus codex in pergameno in Murbaco in castro Hugstain","Basel, Universitätsbibliothek, O I, Bl. Ir"
"BG_0204","TR_Y_0013","Codex Belial presbyteri","Budapest, Országos Széchényi Könyvtár [Széchényi-Nationalbibliothek], Codex latinus medii aevi 276, Bl. 242r [alt 286r]"
"BG_0205","TR_Y_0014","Rubeus liber olim Heinrici Graef nunc Wylhelmitarum Argentine","München, Bayerische Staatsbibliothek, Clm 17833, Bl. 391r"
"BG_0206","TR_Y_0014","Citrinus liber formularum apud Wylhelmitas olim Johannis Graef","Wolfenbüttel, Herzog August Bibliothek, Cod. Guelf. 69.11 Aug. 2°, Bl. 154rb"
"BG_0207","TR_Y_0015","Consolationes theoloye et Vitas patrum domini Wörtwein","München, Bayerische Staatsbibliothek, Clm 3560, Vorsatzbl. r"
"BG_0208","TR_Y_0016","Codex albus in libraria Johannitarum","München, Bayerische Staatsbibliothek, Clm 3561, Bl. 239vb"
"BG_0209","TR_Y_0017","De Sibyllis","Basel, UB O I 10, Bl. 6r"
"BG_0210","TR_Y_0018","In sexternis non illigatis textus modus ubi et Trinarium (!) Boneventure","München, Bayerische Staatsbibliothek, Clm 3510A, Einband vorne innen"
"BG_0211","TR_Y_0019","Hugonis De arra animae","München, Bayerische Staatsbibliothek, Clm 3561, Bl. 239vb"
